<?xml version="1.0" encoding="UTF-8"?>
<micro-acl policy-combination="permit-overrides"
    xmlns='http://com.ibm.micro/micro-acl'
    xmlns:xsi="http://www.w3.org/2001/XMLSchema-instance"
    xsi:schemaLocation="http://com.ibm.micro/micro-acl micro-acl.xsd">
    <policy rule-combination="permit-overrides">
        <resource type="broker" />
        <rule effect="deny" />
        <rule effect="permit">
            <subject name="Admin" />
            <action value="connect" />
            <action value="admin" />
        </rule>
        <rule effect="permit">
            <subject name="anonymous" />
            <action value="connect" />
        </rule>
    </policy>
    <policy rule-combination="permit-overrides">
        <resource type="topic" />
        <resource type="queue" />
        <rule effect="deny" />
        <rule effect="permit">
            <subject name="anonymous" />
        </rule>
    </policy>
</micro-acl>
