<?xml version='1.0' encoding='utf-8'?>
<repository increment='1360683564253' name='Extension' xmlns='http://www.osgi.org/xmlns/repository/v1.0.0'>
  <resource>
    <capability namespace='osgi.identity'>
      <attribute name='osgi.identity' value='net.powermatcher.expeditor.launcher.mbroker'/>
      <attribute name='type' value='osgi.bundle'/>
      <attribute name='version' type='Version' value='0.9.0'/>
    </capability>
    <capability namespace='osgi.content'>
      <attribute name='osgi.content' value='02f9b4388521e754324ade64d57544dfd91bdc0b83203067e254dc400fa74bde'/>
      <attribute name='url' value='net.powermatcher.expeditor.launcher.mbroker/net.powermatcher.expeditor.launcher.mbroker-0.9.0.jar'/>
      <attribute name='size' type='Long' value='4582'/>
      <attribute name='mime' value='application/vnd.osgi.bundle'/>
    </capability>
    <capability namespace='osgi.wiring.bundle'>
      <attribute name='osgi.wiring.bundle' value='net.powermatcher.expeditor.launcher.mbroker'/>
      <attribute name='bundle-version' type='Version' value='0.9.0'/>
    </capability>
    <capability namespace='osgi.wiring.host'>
      <attribute name='osgi.wiring.host' value='net.powermatcher.expeditor.launcher.mbroker'/>
      <attribute name='bundle-version' type='Version' value='0.9.0'/>
    </capability>
    <capability namespace='osgi.wiring.package'>
      <attribute name='osgi.wiring.package' value='net.powermatcher.expeditor.launcher.mbroker'/>
      <attribute name='version' type='Version' value='2.0.0'/>
      <attribute name='bundle-symbolic-name' value='net.powermatcher.expeditor.launcher.mbroker'/>
      <attribute name='bundle-version' type='Version' value='0.9.0'/>
      <directive name='uses' value='net.powermatcher.core.launcher.main'/>
    </capability>
    <requirement namespace='osgi.wiring.package'>
      <directive name='filter' value='(&amp;(osgi.wiring.package=net.powermatcher.core.configurable)(version&gt;=2.0.0)(!(version&gt;=3.0.0)))'/>
    </requirement>
    <requirement namespace='osgi.wiring.package'>
      <directive name='filter' value='(&amp;(osgi.wiring.package=net.powermatcher.core.configurable.service)(version&gt;=2.0.0)(!(version&gt;=3.0.0)))'/>
    </requirement>
    <requirement namespace='osgi.wiring.package'>
      <directive name='filter' value='(&amp;(osgi.wiring.package=net.powermatcher.core.launcher.main)(version&gt;=2.0.0)(!(version&gt;=3.0.0)))'/>
    </requirement>
    <requirement namespace='osgi.wiring.package'>
      <directive name='filter' value='(&amp;(osgi.wiring.package=net.powermatcher.expeditor.broker.manager)(version&gt;=2.0.0)(!(version&gt;=3.0.0)))'/>
    </requirement>
    <requirement namespace='osgi.wiring.package'>
      <directive name='filter' value='(&amp;(osgi.wiring.package=org.slf4j)(version&gt;=1.7.0)(!(version&gt;=2.0.0)))'/>
    </requirement>
  </resource>
  <resource>
    <capability namespace='osgi.identity'>
      <attribute name='osgi.identity' value='net.powermatcher.expeditor.broker.manager'/>
      <attribute name='type' value='osgi.bundle'/>
      <attribute name='version' type='Version' value='0.9.0'/>
    </capability>
    <capability namespace='osgi.content'>
      <attribute name='osgi.content' value='7582e7a4a58c67f12ca1a863bf9a90e52284ea856e63d6e0088f5bc4b00e15f3'/>
      <attribute name='url' value='net.powermatcher.expeditor.broker.manager/net.powermatcher.expeditor.broker.manager-0.9.0.jar'/>
      <attribute name='size' type='Long' value='36828'/>
      <attribute name='mime' value='application/vnd.osgi.bundle'/>
    </capability>
    <capability namespace='osgi.wiring.bundle'>
      <attribute name='osgi.wiring.bundle' value='net.powermatcher.expeditor.broker.manager'/>
      <attribute name='bundle-version' type='Version' value='0.9.0'/>
    </capability>
    <capability namespace='osgi.wiring.host'>
      <attribute name='osgi.wiring.host' value='net.powermatcher.expeditor.broker.manager'/>
      <attribute name='bundle-version' type='Version' value='0.9.0'/>
    </capability>
    <capability namespace='osgi.wiring.package'>
      <attribute name='osgi.wiring.package' value='net.powermatcher.expeditor.broker.manager'/>
      <attribute name='version' type='Version' value='2.0.0'/>
      <attribute name='bundle-symbolic-name' value='net.powermatcher.expeditor.broker.manager'/>
      <attribute name='bundle-version' type='Version' value='0.9.0'/>
      <directive name='uses' value='com.ibm.micro.admin,com.ibm.micro.admin.bridge,net.powermatcher.core.configurable.service,org.slf4j,net.powermatcher.core.configurable'/>
    </capability>
    <requirement namespace='osgi.wiring.package'>
      <directive name='filter' value='(&amp;(osgi.wiring.package=aQute.bnd.annotation.metatype)(version&gt;=1.43.0)(!(version&gt;=2.0.0)))'/>
    </requirement>
    <requirement namespace='osgi.wiring.package'>
      <directive name='filter' value='(osgi.wiring.package=com.ibm.micro.admin)'/>
    </requirement>
    <requirement namespace='osgi.wiring.package'>
      <directive name='filter' value='(osgi.wiring.package=com.ibm.micro.admin.bridge)'/>
    </requirement>
    <requirement namespace='osgi.wiring.package'>
      <directive name='filter' value='(&amp;(osgi.wiring.package=net.powermatcher.core.configurable)(version&gt;=2.0.0)(!(version&gt;=3.0.0)))'/>
    </requirement>
    <requirement namespace='osgi.wiring.package'>
      <directive name='filter' value='(&amp;(osgi.wiring.package=net.powermatcher.core.configurable.service)(version&gt;=2.0.0)(!(version&gt;=3.0.0)))'/>
    </requirement>
    <requirement namespace='osgi.wiring.package'>
      <directive name='filter' value='(&amp;(osgi.wiring.package=net.powermatcher.core.object.config)(version&gt;=2.0.0)(!(version&gt;=3.0.0)))'/>
    </requirement>
    <requirement namespace='osgi.wiring.package'>
      <directive name='filter' value='(&amp;(osgi.wiring.package=org.slf4j)(version&gt;=1.7.0)(!(version&gt;=2.0.0)))'/>
    </requirement>
    <requirement namespace='osgi.extender'>
      <directive name='filter' value='(&amp;(osgi.extender=osgi.ds)(version&gt;=1.1.0)(!(version&gt;=2.0.0)))'/>
      <directive name='effective' value='active'/>
    </requirement>
  </resource>
  <resource>
    <capability namespace='osgi.identity'>
      <attribute name='osgi.identity' value='net.powermatcher.agent.telemetry.logging'/>
      <attribute name='type' value='osgi.bundle'/>
      <attribute name='version' type='Version' value='0.9.0'/>
    </capability>
    <capability namespace='osgi.content'>
      <attribute name='osgi.content' value='f525575b0f16b653cc8d7d4173847810b9fb05c4489bc8023f9c5ac2701b002f'/>
      <attribute name='url' value='net.powermatcher.agent.telemetry.logging/net.powermatcher.agent.telemetry.logging-0.9.0.jar'/>
      <attribute name='size' type='Long' value='20405'/>
      <attribute name='mime' value='application/vnd.osgi.bundle'/>
    </capability>
    <capability namespace='osgi.wiring.bundle'>
      <attribute name='osgi.wiring.bundle' value='net.powermatcher.agent.telemetry.logging'/>
      <attribute name='bundle-version' type='Version' value='0.9.0'/>
    </capability>
    <capability namespace='osgi.wiring.host'>
      <attribute name='osgi.wiring.host' value='net.powermatcher.agent.telemetry.logging'/>
      <attribute name='bundle-version' type='Version' value='0.9.0'/>
    </capability>
    <capability namespace='osgi.wiring.package'>
      <attribute name='osgi.wiring.package' value='net.powermatcher.agent.telemetry.logging'/>
      <attribute name='version' type='Version' value='2.0.0'/>
      <attribute name='bundle-symbolic-name' value='net.powermatcher.agent.telemetry.logging'/>
      <attribute name='bundle-version' type='Version' value='0.9.0'/>
      <directive name='uses' value='net.powermatcher.core.agent.logging,net.powermatcher.telemetry.model.data,net.powermatcher.core.object,net.powermatcher.core.configurable.service,net.powermatcher.telemetry.service'/>
    </capability>
    <capability namespace='osgi.wiring.package'>
      <attribute name='osgi.wiring.package' value='net.powermatcher.agent.telemetry.logging.config'/>
      <attribute name='version' type='Version' value='2.0.0'/>
      <attribute name='bundle-symbolic-name' value='net.powermatcher.agent.telemetry.logging'/>
      <attribute name='bundle-version' type='Version' value='0.9.0'/>
      <directive name='uses' value='net.powermatcher.core.agent.logging.config'/>
    </capability>
    <capability namespace='osgi.wiring.package'>
      <attribute name='osgi.wiring.package' value='net.powermatcher.agent.telemetry.logging.task'/>
      <attribute name='version' type='Version' value='2.0.0'/>
      <attribute name='bundle-symbolic-name' value='net.powermatcher.agent.telemetry.logging'/>
      <attribute name='bundle-version' type='Version' value='0.9.0'/>
    </capability>
    <requirement namespace='osgi.wiring.package'>
      <directive name='filter' value='(&amp;(osgi.wiring.package=net.powermatcher.core.agent.logging)(version&gt;=2.0.0)(!(version&gt;=3.0.0)))'/>
    </requirement>
    <requirement namespace='osgi.wiring.package'>
      <directive name='filter' value='(&amp;(osgi.wiring.package=net.powermatcher.core.agent.logging.config)(version&gt;=2.0.0)(!(version&gt;=3.0.0)))'/>
    </requirement>
    <requirement namespace='osgi.wiring.package'>
      <directive name='filter' value='(&amp;(osgi.wiring.package=net.powermatcher.core.configurable.service)(version&gt;=2.0.0)(!(version&gt;=3.0.0)))'/>
    </requirement>
    <requirement namespace='osgi.wiring.package'>
      <directive name='filter' value='(&amp;(osgi.wiring.package=net.powermatcher.core.object)(version&gt;=2.0.0)(!(version&gt;=3.0.0)))'/>
    </requirement>
    <requirement namespace='osgi.wiring.package'>
      <directive name='filter' value='(&amp;(osgi.wiring.package=net.powermatcher.telemetry.model.data)(version&gt;=2.0.0)(!(version&gt;=3.0.0)))'/>
    </requirement>
    <requirement namespace='osgi.wiring.package'>
      <directive name='filter' value='(&amp;(osgi.wiring.package=net.powermatcher.telemetry.service)(version&gt;=2.0.0)(!(version&gt;=3.0.0)))'/>
    </requirement>
  </resource>
  <resource>
    <capability namespace='osgi.identity'>
      <attribute name='osgi.identity' value='net.powermatcher.telemetry.model'/>
      <attribute name='type' value='osgi.bundle'/>
      <attribute name='version' type='Version' value='0.9.0'/>
    </capability>
    <capability namespace='osgi.content'>
      <attribute name='osgi.content' value='5b36c409cef92ebca3f463d6668d11c009de0ea3568d94e446a145d74515328f'/>
      <attribute name='url' value='net.powermatcher.telemetry.model/net.powermatcher.telemetry.model-0.9.0.jar'/>
      <attribute name='size' type='Long' value='62099'/>
      <attribute name='mime' value='application/vnd.osgi.bundle'/>
    </capability>
    <capability namespace='osgi.wiring.bundle'>
      <attribute name='osgi.wiring.bundle' value='net.powermatcher.telemetry.model'/>
      <attribute name='bundle-version' type='Version' value='0.9.0'/>
    </capability>
    <capability namespace='osgi.wiring.host'>
      <attribute name='osgi.wiring.host' value='net.powermatcher.telemetry.model'/>
      <attribute name='bundle-version' type='Version' value='0.9.0'/>
    </capability>
    <capability namespace='osgi.wiring.package'>
      <attribute name='osgi.wiring.package' value='net.powermatcher.telemetry.model.constants'/>
      <attribute name='version' type='Version' value='2.0.0'/>
      <attribute name='bundle-symbolic-name' value='net.powermatcher.telemetry.model'/>
      <attribute name='bundle-version' type='Version' value='0.9.0'/>
    </capability>
    <capability namespace='osgi.wiring.package'>
      <attribute name='osgi.wiring.package' value='net.powermatcher.telemetry.model.converter'/>
      <attribute name='version' type='Version' value='2.0.0'/>
      <attribute name='bundle-symbolic-name' value='net.powermatcher.telemetry.model'/>
      <attribute name='bundle-version' type='Version' value='0.9.0'/>
      <directive name='uses' value='net.powermatcher.telemetry.model.data,org.xml.sax,net.powermatcher.telemetry.model.constants,org.xml.sax.helpers'/>
    </capability>
    <capability namespace='osgi.wiring.package'>
      <attribute name='osgi.wiring.package' value='net.powermatcher.telemetry.model.data'/>
      <attribute name='version' type='Version' value='2.0.0'/>
      <attribute name='bundle-symbolic-name' value='net.powermatcher.telemetry.model'/>
      <attribute name='bundle-version' type='Version' value='0.9.0'/>
    </capability>
    <requirement namespace='osgi.wiring.package'>
      <directive name='filter' value='(osgi.wiring.package=javax.xml.parsers)'/>
    </requirement>
    <requirement namespace='osgi.wiring.package'>
      <directive name='filter' value='(osgi.wiring.package=org.xml.sax)'/>
    </requirement>
    <requirement namespace='osgi.wiring.package'>
      <directive name='filter' value='(osgi.wiring.package=org.xml.sax.helpers)'/>
    </requirement>
  </resource>
  <resource>
    <capability namespace='osgi.identity'>
      <attribute name='osgi.identity' value='net.powermatcher.telemetry.direct.protocol.adapter.component'/>
      <attribute name='type' value='osgi.bundle'/>
      <attribute name='version' type='Version' value='0.9.0'/>
    </capability>
    <capability namespace='osgi.content'>
      <attribute name='osgi.content' value='c09ecf802baf75c7ec211c05560e7f6a6001cd0418cbf1db7edc93fddda37309'/>
      <attribute name='url' value='net.powermatcher.telemetry.direct.protocol.adapter.component/net.powermatcher.telemetry.direct.protocol.adapter.component-0.9.0.jar'/>
      <attribute name='size' type='Long' value='10259'/>
      <attribute name='mime' value='application/vnd.osgi.bundle'/>
    </capability>
    <capability namespace='osgi.wiring.bundle'>
      <attribute name='osgi.wiring.bundle' value='net.powermatcher.telemetry.direct.protocol.adapter.component'/>
      <attribute name='bundle-version' type='Version' value='0.9.0'/>
    </capability>
    <capability namespace='osgi.wiring.host'>
      <attribute name='osgi.wiring.host' value='net.powermatcher.telemetry.direct.protocol.adapter.component'/>
      <attribute name='bundle-version' type='Version' value='0.9.0'/>
    </capability>
    <requirement namespace='osgi.wiring.package'>
      <directive name='filter' value='(&amp;(osgi.wiring.package=aQute.bnd.annotation.metatype)(version&gt;=1.43.0)(!(version&gt;=2.0.0)))'/>
    </requirement>
    <requirement namespace='osgi.wiring.package'>
      <directive name='filter' value='(&amp;(osgi.wiring.package=net.powermatcher.core.adapter.component)(version&gt;=2.0.0)(!(version&gt;=3.0.0)))'/>
    </requirement>
    <requirement namespace='osgi.wiring.package'>
      <directive name='filter' value='(&amp;(osgi.wiring.package=net.powermatcher.core.adapter.service)(version&gt;=2.0.0)(!(version&gt;=3.0.0)))'/>
    </requirement>
    <requirement namespace='osgi.wiring.package'>
      <directive name='filter' value='(&amp;(osgi.wiring.package=net.powermatcher.telemetry.direct.protocol.adapter)(version&gt;=2.0.0)(!(version&gt;=3.0.0)))'/>
    </requirement>
    <requirement namespace='osgi.wiring.package'>
      <directive name='filter' value='(&amp;(osgi.wiring.package=net.powermatcher.telemetry.direct.protocol.adapter.config)(version&gt;=2.0.0)(!(version&gt;=3.0.0)))'/>
    </requirement>
    <requirement namespace='osgi.wiring.package'>
      <directive name='filter' value='(osgi.wiring.package=net.powermatcher.telemetry.service)'/>
    </requirement>
    <requirement namespace='osgi.wiring.package'>
      <directive name='filter' value='(&amp;(osgi.wiring.package=org.osgi.framework)(version&gt;=1.5.0)(!(version&gt;=2.0.0)))'/>
    </requirement>
    <requirement namespace='osgi.extender'>
      <directive name='filter' value='(&amp;(osgi.extender=osgi.ds)(version&gt;=1.1.0)(!(version&gt;=2.0.0)))'/>
      <directive name='effective' value='active'/>
    </requirement>
  </resource>
  <resource>
    <capability namespace='osgi.identity'>
      <attribute name='osgi.identity' value='net.powermatcher.telemetry.service'/>
      <attribute name='type' value='osgi.bundle'/>
      <attribute name='version' type='Version' value='0.9.0'/>
    </capability>
    <capability namespace='osgi.content'>
      <attribute name='osgi.content' value='636108eac9101c5a1d49c7ee1077439f32f787ab1a598e7aa71acd2da04936dc'/>
      <attribute name='url' value='net.powermatcher.telemetry.service/net.powermatcher.telemetry.service-0.9.0.jar'/>
      <attribute name='size' type='Long' value='16285'/>
      <attribute name='mime' value='application/vnd.osgi.bundle'/>
    </capability>
    <capability namespace='osgi.wiring.bundle'>
      <attribute name='osgi.wiring.bundle' value='net.powermatcher.telemetry.service'/>
      <attribute name='bundle-version' type='Version' value='0.9.0'/>
    </capability>
    <capability namespace='osgi.wiring.host'>
      <attribute name='osgi.wiring.host' value='net.powermatcher.telemetry.service'/>
      <attribute name='bundle-version' type='Version' value='0.9.0'/>
    </capability>
    <capability namespace='osgi.wiring.package'>
      <attribute name='osgi.wiring.package' value='net.powermatcher.telemetry.service'/>
      <attribute name='version' type='Version' value='2.0.0'/>
      <attribute name='bundle-symbolic-name' value='net.powermatcher.telemetry.service'/>
      <attribute name='bundle-version' type='Version' value='0.9.0'/>
      <directive name='uses' value='net.powermatcher.telemetry.model.data,net.powermatcher.core.adapter.service'/>
    </capability>
    <capability namespace='osgi.wiring.package'>
      <attribute name='osgi.wiring.package' value='net.powermatcher.telemetry.framework'/>
      <attribute name='version' type='Version' value='2.0.0'/>
      <attribute name='bundle-symbolic-name' value='net.powermatcher.telemetry.service'/>
      <attribute name='bundle-version' type='Version' value='0.9.0'/>
      <directive name='uses' value='net.powermatcher.core.configurable.service,net.powermatcher.telemetry.model.data,net.powermatcher.telemetry.service'/>
    </capability>
    <capability namespace='osgi.wiring.package'>
      <attribute name='osgi.wiring.package' value='net.powermatcher.telemetry.config'/>
      <attribute name='version' type='Version' value='2.0.0'/>
      <attribute name='bundle-symbolic-name' value='net.powermatcher.telemetry.service'/>
      <attribute name='bundle-version' type='Version' value='0.9.0'/>
    </capability>
    <requirement namespace='osgi.wiring.package'>
      <directive name='filter' value='(&amp;(osgi.wiring.package=net.powermatcher.core.adapter.service)(version&gt;=2.0.0)(!(version&gt;=3.0.0)))'/>
    </requirement>
    <requirement namespace='osgi.wiring.package'>
      <directive name='filter' value='(&amp;(osgi.wiring.package=net.powermatcher.core.configurable.service)(version&gt;=2.0.0)(!(version&gt;=3.0.0)))'/>
    </requirement>
    <requirement namespace='osgi.wiring.package'>
      <directive name='filter' value='(&amp;(osgi.wiring.package=net.powermatcher.telemetry.model.data)(version&gt;=2.0.0)(!(version&gt;=3.0.0)))'/>
    </requirement>
  </resource>
  <resource>
    <capability namespace='osgi.identity'>
      <attribute name='osgi.identity' value='net.powermatcher.telemetry.direct.protocol.adapter'/>
      <attribute name='type' value='osgi.bundle'/>
      <attribute name='version' type='Version' value='0.9.0'/>
    </capability>
    <capability namespace='osgi.content'>
      <attribute name='osgi.content' value='922fe70e970ac2da42dd054f608ab98d67327382217dc3150588f54704b48640'/>
      <attribute name='url' value='net.powermatcher.telemetry.direct.protocol.adapter/net.powermatcher.telemetry.direct.protocol.adapter-0.9.0.jar'/>
      <attribute name='size' type='Long' value='12161'/>
      <attribute name='mime' value='application/vnd.osgi.bundle'/>
    </capability>
    <capability namespace='osgi.wiring.bundle'>
      <attribute name='osgi.wiring.bundle' value='net.powermatcher.telemetry.direct.protocol.adapter'/>
      <attribute name='bundle-version' type='Version' value='0.9.0'/>
    </capability>
    <capability namespace='osgi.wiring.host'>
      <attribute name='osgi.wiring.host' value='net.powermatcher.telemetry.direct.protocol.adapter'/>
      <attribute name='bundle-version' type='Version' value='0.9.0'/>
    </capability>
    <capability namespace='osgi.wiring.package'>
      <attribute name='osgi.wiring.package' value='net.powermatcher.telemetry.direct.protocol.adapter.config'/>
      <attribute name='version' type='Version' value='2.0.0'/>
      <attribute name='bundle-symbolic-name' value='net.powermatcher.telemetry.direct.protocol.adapter'/>
      <attribute name='bundle-version' type='Version' value='0.9.0'/>
      <directive name='uses' value='net.powermatcher.core.adapter.config'/>
    </capability>
    <capability namespace='osgi.wiring.package'>
      <attribute name='osgi.wiring.package' value='net.powermatcher.telemetry.direct.protocol.adapter'/>
      <attribute name='version' type='Version' value='2.0.0'/>
      <attribute name='bundle-symbolic-name' value='net.powermatcher.telemetry.direct.protocol.adapter'/>
      <attribute name='bundle-version' type='Version' value='0.9.0'/>
      <directive name='uses' value='net.powermatcher.core.adapter.service,net.powermatcher.core.adapter,net.powermatcher.telemetry.service,net.powermatcher.core.configurable.service'/>
    </capability>
    <requirement namespace='osgi.wiring.package'>
      <directive name='filter' value='(&amp;(osgi.wiring.package=net.powermatcher.core.adapter)(version&gt;=2.0.0)(!(version&gt;=3.0.0)))'/>
    </requirement>
    <requirement namespace='osgi.wiring.package'>
      <directive name='filter' value='(&amp;(osgi.wiring.package=net.powermatcher.core.adapter.config)(version&gt;=2.0.0)(!(version&gt;=3.0.0)))'/>
    </requirement>
    <requirement namespace='osgi.wiring.package'>
      <directive name='filter' value='(&amp;(osgi.wiring.package=net.powermatcher.core.adapter.service)(version&gt;=2.0.0)(!(version&gt;=3.0.0)))'/>
    </requirement>
    <requirement namespace='osgi.wiring.package'>
      <directive name='filter' value='(&amp;(osgi.wiring.package=net.powermatcher.core.configurable.service)(version&gt;=2.0.0)(!(version&gt;=3.0.0)))'/>
    </requirement>
    <requirement namespace='osgi.wiring.package'>
      <directive name='filter' value='(&amp;(osgi.wiring.package=net.powermatcher.telemetry.config)(version&gt;=2.0.0)(!(version&gt;=3.0.0)))'/>
    </requirement>
    <requirement namespace='osgi.wiring.package'>
      <directive name='filter' value='(&amp;(osgi.wiring.package=net.powermatcher.telemetry.service)(version&gt;=2.0.0)(!(version&gt;=3.0.0)))'/>
    </requirement>
  </resource>
  <resource>
    <capability namespace='osgi.identity'>
      <attribute name='osgi.identity' value='net.powermatcher.agent.telemetry.logging.component'/>
      <attribute name='type' value='osgi.bundle'/>
      <attribute name='version' type='Version' value='0.9.0'/>
    </capability>
    <capability namespace='osgi.content'>
      <attribute name='osgi.content' value='9d2745b2ce710faeeb133c4eb6383678129db46b8bb9e569b06c062c68e57b4e'/>
      <attribute name='url' value='net.powermatcher.agent.telemetry.logging.component/net.powermatcher.agent.telemetry.logging.component-0.9.0.jar'/>
      <attribute name='size' type='Long' value='9090'/>
      <attribute name='mime' value='application/vnd.osgi.bundle'/>
    </capability>
    <capability namespace='osgi.wiring.bundle'>
      <attribute name='osgi.wiring.bundle' value='net.powermatcher.agent.telemetry.logging.component'/>
      <attribute name='bundle-version' type='Version' value='0.9.0'/>
    </capability>
    <capability namespace='osgi.wiring.host'>
      <attribute name='osgi.wiring.host' value='net.powermatcher.agent.telemetry.logging.component'/>
      <attribute name='bundle-version' type='Version' value='0.9.0'/>
    </capability>
    <requirement namespace='osgi.wiring.package'>
      <directive name='filter' value='(&amp;(osgi.wiring.package=aQute.bnd.annotation.metatype)(version&gt;=1.43.0)(!(version&gt;=2.0.0)))'/>
    </requirement>
    <requirement namespace='osgi.wiring.package'>
      <directive name='filter' value='(&amp;(osgi.wiring.package=net.powermatcher.agent.telemetry.logging)(version&gt;=2.0.0)(!(version&gt;=3.0.0)))'/>
    </requirement>
    <requirement namespace='osgi.wiring.package'>
      <directive name='filter' value='(&amp;(osgi.wiring.package=net.powermatcher.agent.telemetry.logging.config)(version&gt;=2.0.0)(!(version&gt;=3.0.0)))'/>
    </requirement>
    <requirement namespace='osgi.wiring.package'>
      <directive name='filter' value='(&amp;(osgi.wiring.package=net.powermatcher.core.adapter.component)(version&gt;=2.0.0)(!(version&gt;=3.0.0)))'/>
    </requirement>
    <requirement namespace='osgi.wiring.package'>
      <directive name='filter' value='(&amp;(osgi.wiring.package=net.powermatcher.core.configurable)(version&gt;=2.0.0)(!(version&gt;=3.0.0)))'/>
    </requirement>
    <requirement namespace='osgi.wiring.package'>
      <directive name='filter' value='(&amp;(osgi.wiring.package=net.powermatcher.core.configurable.service)(version&gt;=2.0.0)(!(version&gt;=3.0.0)))'/>
    </requirement>
    <requirement namespace='osgi.wiring.package'>
      <directive name='filter' value='(&amp;(osgi.wiring.package=net.powermatcher.core.object)(version&gt;=2.0.0)(!(version&gt;=3.0.0)))'/>
    </requirement>
    <requirement namespace='osgi.wiring.package'>
      <directive name='filter' value='(&amp;(osgi.wiring.package=org.osgi.framework)(version&gt;=1.5.0)(!(version&gt;=2.0.0)))'/>
    </requirement>
    <requirement namespace='osgi.extender'>
      <directive name='filter' value='(&amp;(osgi.extender=osgi.ds)(version&gt;=1.1.0)(!(version&gt;=2.0.0)))'/>
      <directive name='effective' value='active'/>
    </requirement>
  </resource>
  <resource>
    <capability namespace='osgi.identity'>
      <attribute name='osgi.identity' value='net.powermatcher.expeditor.messaging.mqttv5.component'/>
      <attribute name='type' value='osgi.bundle'/>
      <attribute name='version' type='Version' value='0.9.0'/>
    </capability>
    <capability namespace='osgi.content'>
      <attribute name='osgi.content' value='406f69474010b7b72b8a67cde43e277c5ffe6f216f4bc0724dc15052d3b56cd2'/>
      <attribute name='url' value='net.powermatcher.expeditor.messaging.mqttv5.component/net.powermatcher.expeditor.messaging.mqttv5.component-0.9.0.jar'/>
      <attribute name='size' type='Long' value='9709'/>
      <attribute name='mime' value='application/vnd.osgi.bundle'/>
    </capability>
    <capability namespace='osgi.wiring.bundle'>
      <attribute name='osgi.wiring.bundle' value='net.powermatcher.expeditor.messaging.mqttv5.component'/>
      <attribute name='bundle-version' type='Version' value='0.9.0'/>
    </capability>
    <capability namespace='osgi.wiring.host'>
      <attribute name='osgi.wiring.host' value='net.powermatcher.expeditor.messaging.mqttv5.component'/>
      <attribute name='bundle-version' type='Version' value='0.9.0'/>
    </capability>
    <requirement namespace='osgi.wiring.package'>
      <directive name='filter' value='(&amp;(osgi.wiring.package=aQute.bnd.annotation.metatype)(version&gt;=1.43.0)(!(version&gt;=2.0.0)))'/>
    </requirement>
    <requirement namespace='osgi.wiring.package'>
      <directive name='filter' value='(&amp;(osgi.wiring.package=net.powermatcher.core.adapter.component)(version&gt;=2.0.0)(!(version&gt;=3.0.0)))'/>
    </requirement>
    <requirement namespace='osgi.wiring.package'>
      <directive name='filter' value='(&amp;(osgi.wiring.package=net.powermatcher.core.adapter.service)(version&gt;=2.0.0)(!(version&gt;=3.0.0)))'/>
    </requirement>
    <requirement namespace='osgi.wiring.package'>
      <directive name='filter' value='(&amp;(osgi.wiring.package=net.powermatcher.core.messaging.service)(version&gt;=2.0.0)(!(version&gt;=3.0.0)))'/>
    </requirement>
    <requirement namespace='osgi.wiring.package'>
      <directive name='filter' value='(&amp;(osgi.wiring.package=net.powermatcher.expeditor.messaging.mqttv5)(version&gt;=2.0.0)(!(version&gt;=3.0.0)))'/>
    </requirement>
    <requirement namespace='osgi.wiring.package'>
      <directive name='filter' value='(&amp;(osgi.wiring.package=net.powermatcher.expeditor.messaging.mqttv5.config)(version&gt;=2.0.0)(!(version&gt;=3.0.0)))'/>
    </requirement>
    <requirement namespace='osgi.wiring.package'>
      <directive name='filter' value='(&amp;(osgi.wiring.package=org.osgi.framework)(version&gt;=1.5.0)(!(version&gt;=2.0.0)))'/>
    </requirement>
    <requirement namespace='osgi.extender'>
      <directive name='filter' value='(&amp;(osgi.extender=osgi.ds)(version&gt;=1.1.0)(!(version&gt;=2.0.0)))'/>
      <directive name='effective' value='active'/>
    </requirement>
  </resource>
  <resource>
    <capability namespace='osgi.identity'>
      <attribute name='osgi.identity' value='net.powermatcher.expeditor.messaging.mqttv5'/>
      <attribute name='type' value='osgi.bundle'/>
      <attribute name='version' type='Version' value='0.9.0'/>
    </capability>
    <capability namespace='osgi.content'>
      <attribute name='osgi.content' value='e2378d3a86ca1015f778ec19fb2c9c6b6b1995890e4ec5792e542a7ded2573b5'/>
      <attribute name='url' value='net.powermatcher.expeditor.messaging.mqttv5/net.powermatcher.expeditor.messaging.mqttv5-0.9.0.jar'/>
      <attribute name='size' type='Long' value='26562'/>
      <attribute name='mime' value='application/vnd.osgi.bundle'/>
    </capability>
    <capability namespace='osgi.wiring.bundle'>
      <attribute name='osgi.wiring.bundle' value='net.powermatcher.expeditor.messaging.mqttv5'/>
      <attribute name='bundle-version' type='Version' value='0.9.0'/>
    </capability>
    <capability namespace='osgi.wiring.host'>
      <attribute name='osgi.wiring.host' value='net.powermatcher.expeditor.messaging.mqttv5'/>
      <attribute name='bundle-version' type='Version' value='0.9.0'/>
    </capability>
    <capability namespace='osgi.wiring.package'>
      <attribute name='osgi.wiring.package' value='net.powermatcher.expeditor.messaging.mqttv5'/>
      <attribute name='version' type='Version' value='2.0.0'/>
      <attribute name='bundle-symbolic-name' value='net.powermatcher.expeditor.messaging.mqttv5'/>
      <attribute name='bundle-version' type='Version' value='0.9.0'/>
      <directive name='uses' value='net.powermatcher.core.configurable.service,net.powermatcher.core.adapter.service,net.powermatcher.core.adapter,net.powermatcher.core.object,net.powermatcher.core.messaging.framework,net.powermatcher.core.messaging.service'/>
    </capability>
    <capability namespace='osgi.wiring.package'>
      <attribute name='osgi.wiring.package' value='net.powermatcher.expeditor.messaging.mqttv5.config'/>
      <attribute name='version' type='Version' value='2.0.0'/>
      <attribute name='bundle-symbolic-name' value='net.powermatcher.expeditor.messaging.mqttv5'/>
      <attribute name='bundle-version' type='Version' value='0.9.0'/>
      <directive name='uses' value='net.powermatcher.core.adapter.config'/>
    </capability>
    <requirement namespace='osgi.wiring.package'>
      <directive name='filter' value='(osgi.wiring.package=com.ibm.micro.client)'/>
    </requirement>
    <requirement namespace='osgi.wiring.package'>
      <directive name='filter' value='(&amp;(osgi.wiring.package=net.powermatcher.core.adapter)(version&gt;=2.0.0)(!(version&gt;=3.0.0)))'/>
    </requirement>
    <requirement namespace='osgi.wiring.package'>
      <directive name='filter' value='(&amp;(osgi.wiring.package=net.powermatcher.core.adapter.config)(version&gt;=2.0.0)(!(version&gt;=3.0.0)))'/>
    </requirement>
    <requirement namespace='osgi.wiring.package'>
      <directive name='filter' value='(&amp;(osgi.wiring.package=net.powermatcher.core.adapter.service)(version&gt;=2.0.0)(!(version&gt;=3.0.0)))'/>
    </requirement>
    <requirement namespace='osgi.wiring.package'>
      <directive name='filter' value='(&amp;(osgi.wiring.package=net.powermatcher.core.configurable)(version&gt;=2.0.0)(!(version&gt;=3.0.0)))'/>
    </requirement>
    <requirement namespace='osgi.wiring.package'>
      <directive name='filter' value='(&amp;(osgi.wiring.package=net.powermatcher.core.configurable.service)(version&gt;=2.0.0)(!(version&gt;=3.0.0)))'/>
    </requirement>
    <requirement namespace='osgi.wiring.package'>
      <directive name='filter' value='(&amp;(osgi.wiring.package=net.powermatcher.core.messaging.framework)(version&gt;=2.0.0)(!(version&gt;=3.0.0)))'/>
    </requirement>
    <requirement namespace='osgi.wiring.package'>
      <directive name='filter' value='(&amp;(osgi.wiring.package=net.powermatcher.core.messaging.service)(version&gt;=2.0.0)(!(version&gt;=3.0.0)))'/>
    </requirement>
    <requirement namespace='osgi.wiring.package'>
      <directive name='filter' value='(&amp;(osgi.wiring.package=net.powermatcher.core.object)(version&gt;=2.0.0)(!(version&gt;=3.0.0)))'/>
    </requirement>
  </resource>
  <resource>
    <capability namespace='osgi.identity'>
      <attribute name='osgi.identity' value='net.powermatcher.agent.template.component'/>
      <attribute name='type' value='osgi.bundle'/>
      <attribute name='version' type='Version' value='0.9.0'/>
    </capability>
    <capability namespace='osgi.content'>
      <attribute name='osgi.content' value='6d87eeeda2dbbf15542699b5888a94a8d5f69d10f63c225d500c06664a705fa2'/>
      <attribute name='url' value='net.powermatcher.agent.template.component/net.powermatcher.agent.template.component-0.9.0.jar'/>
      <attribute name='size' type='Long' value='10153'/>
      <attribute name='mime' value='application/vnd.osgi.bundle'/>
    </capability>
    <capability namespace='osgi.wiring.bundle'>
      <attribute name='osgi.wiring.bundle' value='net.powermatcher.agent.template.component'/>
      <attribute name='bundle-version' type='Version' value='0.9.0'/>
    </capability>
    <capability namespace='osgi.wiring.host'>
      <attribute name='osgi.wiring.host' value='net.powermatcher.agent.template.component'/>
      <attribute name='bundle-version' type='Version' value='0.9.0'/>
    </capability>
    <requirement namespace='osgi.wiring.package'>
      <directive name='filter' value='(&amp;(osgi.wiring.package=aQute.bnd.annotation.metatype)(version&gt;=1.43.0)(!(version&gt;=2.0.0)))'/>
    </requirement>
    <requirement namespace='osgi.wiring.package'>
      <directive name='filter' value='(&amp;(osgi.wiring.package=net.powermatcher.agent.template)(version&gt;=2.0.0)(!(version&gt;=3.0.0)))'/>
    </requirement>
    <requirement namespace='osgi.wiring.package'>
      <directive name='filter' value='(&amp;(osgi.wiring.package=net.powermatcher.agent.template.config)(version&gt;=2.0.0)(!(version&gt;=3.0.0)))'/>
    </requirement>
    <requirement namespace='osgi.wiring.package'>
      <directive name='filter' value='(&amp;(osgi.wiring.package=net.powermatcher.core.adapter.component)(version&gt;=2.0.0)(!(version&gt;=3.0.0)))'/>
    </requirement>
    <requirement namespace='osgi.wiring.package'>
      <directive name='filter' value='(&amp;(osgi.wiring.package=net.powermatcher.core.configurable)(version&gt;=2.0.0)(!(version&gt;=3.0.0)))'/>
    </requirement>
    <requirement namespace='osgi.wiring.package'>
      <directive name='filter' value='(&amp;(osgi.wiring.package=net.powermatcher.core.configurable.service)(version&gt;=2.0.0)(!(version&gt;=3.0.0)))'/>
    </requirement>
    <requirement namespace='osgi.wiring.package'>
      <directive name='filter' value='(&amp;(osgi.wiring.package=net.powermatcher.core.object)(version&gt;=2.0.0)(!(version&gt;=3.0.0)))'/>
    </requirement>
    <requirement namespace='osgi.wiring.package'>
      <directive name='filter' value='(&amp;(osgi.wiring.package=org.osgi.framework)(version&gt;=1.5.0)(!(version&gt;=2.0.0)))'/>
    </requirement>
    <requirement namespace='osgi.extender'>
      <directive name='filter' value='(&amp;(osgi.extender=osgi.ds)(version&gt;=1.1.0)(!(version&gt;=2.0.0)))'/>
      <directive name='effective' value='active'/>
    </requirement>
  </resource>
  <resource>
    <capability namespace='osgi.identity'>
      <attribute name='osgi.identity' value='net.powermatcher.agent.template'/>
      <attribute name='type' value='osgi.bundle'/>
      <attribute name='version' type='Version' value='0.9.0'/>
    </capability>
    <capability namespace='osgi.content'>
      <attribute name='osgi.content' value='bdf74a555f9abf7d57cd6357029d2c8bda19ade66a58bbbc57ec632f68a03bab'/>
      <attribute name='url' value='net.powermatcher.agent.template/net.powermatcher.agent.template-0.9.0.jar'/>
      <attribute name='size' type='Long' value='7911'/>
      <attribute name='mime' value='application/vnd.osgi.bundle'/>
    </capability>
    <capability namespace='osgi.wiring.bundle'>
      <attribute name='osgi.wiring.bundle' value='net.powermatcher.agent.template'/>
      <attribute name='bundle-version' type='Version' value='0.9.0'/>
    </capability>
    <capability namespace='osgi.wiring.host'>
      <attribute name='osgi.wiring.host' value='net.powermatcher.agent.template'/>
      <attribute name='bundle-version' type='Version' value='0.9.0'/>
    </capability>
    <capability namespace='osgi.wiring.package'>
      <attribute name='osgi.wiring.package' value='net.powermatcher.agent.template'/>
      <attribute name='version' type='Version' value='2.0.0'/>
      <attribute name='bundle-symbolic-name' value='net.powermatcher.agent.template'/>
      <attribute name='bundle-version' type='Version' value='0.9.0'/>
      <directive name='uses' value='net.powermatcher.telemetry.service,net.powermatcher.core.agent.template'/>
    </capability>
    <capability namespace='osgi.wiring.package'>
      <attribute name='osgi.wiring.package' value='net.powermatcher.agent.template.config'/>
      <attribute name='version' type='Version' value='2.0.0'/>
      <attribute name='bundle-symbolic-name' value='net.powermatcher.agent.template'/>
      <attribute name='bundle-version' type='Version' value='0.9.0'/>
      <directive name='uses' value='net.powermatcher.telemetry.config,net.powermatcher.core.agent.template.config'/>
    </capability>
    <requirement namespace='osgi.wiring.package'>
      <directive name='filter' value='(&amp;(osgi.wiring.package=net.powermatcher.core.agent.template)(version&gt;=2.0.0)(!(version&gt;=3.0.0)))'/>
    </requirement>
    <requirement namespace='osgi.wiring.package'>
      <directive name='filter' value='(&amp;(osgi.wiring.package=net.powermatcher.core.agent.template.config)(version&gt;=2.0.0)(!(version&gt;=3.0.0)))'/>
    </requirement>
    <requirement namespace='osgi.wiring.package'>
      <directive name='filter' value='(&amp;(osgi.wiring.package=net.powermatcher.core.configurable.service)(version&gt;=2.0.0)(!(version&gt;=3.0.0)))'/>
    </requirement>
    <requirement namespace='osgi.wiring.package'>
      <directive name='filter' value='(&amp;(osgi.wiring.package=net.powermatcher.telemetry.config)(version&gt;=2.0.0)(!(version&gt;=3.0.0)))'/>
    </requirement>
    <requirement namespace='osgi.wiring.package'>
      <directive name='filter' value='(&amp;(osgi.wiring.package=net.powermatcher.telemetry.framework)(version&gt;=2.0.0)(!(version&gt;=3.0.0)))'/>
    </requirement>
    <requirement namespace='osgi.wiring.package'>
      <directive name='filter' value='(&amp;(osgi.wiring.package=net.powermatcher.telemetry.service)(version&gt;=2.0.0)(!(version&gt;=3.0.0)))'/>
    </requirement>
  </resource>
  <resource>
    <capability namespace='osgi.identity'>
      <attribute name='osgi.identity' value='net.powermatcher.telemetry.messaging.protocol.adapter.component'/>
      <attribute name='type' value='osgi.bundle'/>
      <attribute name='version' type='Version' value='0.9.0'/>
    </capability>
    <capability namespace='osgi.content'>
      <attribute name='osgi.content' value='255dbeaf1f457b9e818b4440a5abfaf3fea05b99e9e136e18ecc9064800b1172'/>
      <attribute name='url' value='net.powermatcher.telemetry.messaging.protocol.adapter.component/net.powermatcher.telemetry.messaging.protocol.adapter.component-0.9.0.jar'/>
      <attribute name='size' type='Long' value='16263'/>
      <attribute name='mime' value='application/vnd.osgi.bundle'/>
    </capability>
    <capability namespace='osgi.wiring.bundle'>
      <attribute name='osgi.wiring.bundle' value='net.powermatcher.telemetry.messaging.protocol.adapter.component'/>
      <attribute name='bundle-version' type='Version' value='0.9.0'/>
    </capability>
    <capability namespace='osgi.wiring.host'>
      <attribute name='osgi.wiring.host' value='net.powermatcher.telemetry.messaging.protocol.adapter.component'/>
      <attribute name='bundle-version' type='Version' value='0.9.0'/>
    </capability>
    <requirement namespace='osgi.wiring.package'>
      <directive name='filter' value='(&amp;(osgi.wiring.package=aQute.bnd.annotation.metatype)(version&gt;=1.43.0)(!(version&gt;=2.0.0)))'/>
    </requirement>
    <requirement namespace='osgi.wiring.package'>
      <directive name='filter' value='(&amp;(osgi.wiring.package=net.powermatcher.core.adapter.component)(version&gt;=2.0.0)(!(version&gt;=3.0.0)))'/>
    </requirement>
    <requirement namespace='osgi.wiring.package'>
      <directive name='filter' value='(&amp;(osgi.wiring.package=net.powermatcher.core.adapter.service)(version&gt;=2.0.0)(!(version&gt;=3.0.0)))'/>
    </requirement>
    <requirement namespace='osgi.wiring.package'>
      <directive name='filter' value='(&amp;(osgi.wiring.package=net.powermatcher.telemetry.messaging.protocol.adapter)(version&gt;=2.0.0)(!(version&gt;=3.0.0)))'/>
    </requirement>
    <requirement namespace='osgi.wiring.package'>
      <directive name='filter' value='(&amp;(osgi.wiring.package=net.powermatcher.telemetry.messaging.protocol.adapter.config)(version&gt;=2.0.0)(!(version&gt;=3.0.0)))'/>
    </requirement>
    <requirement namespace='osgi.wiring.package'>
      <directive name='filter' value='(osgi.wiring.package=net.powermatcher.telemetry.service)'/>
    </requirement>
    <requirement namespace='osgi.wiring.package'>
      <directive name='filter' value='(&amp;(osgi.wiring.package=org.osgi.framework)(version&gt;=1.5.0)(!(version&gt;=2.0.0)))'/>
    </requirement>
    <requirement namespace='osgi.extender'>
      <directive name='filter' value='(&amp;(osgi.extender=osgi.ds)(version&gt;=1.1.0)(!(version&gt;=2.0.0)))'/>
      <directive name='effective' value='active'/>
    </requirement>
  </resource>
  <resource>
    <capability namespace='osgi.identity'>
      <attribute name='osgi.identity' value='net.powermatcher.telemetry.messaging.protocol.adapter'/>
      <attribute name='type' value='osgi.bundle'/>
      <attribute name='version' type='Version' value='0.9.0'/>
    </capability>
    <capability namespace='osgi.content'>
      <attribute name='osgi.content' value='ca994131b2b89385a1d921a7a88c3cff401af6bab7e5c06fa1db8264027a7d52'/>
      <attribute name='url' value='net.powermatcher.telemetry.messaging.protocol.adapter/net.powermatcher.telemetry.messaging.protocol.adapter-0.9.0.jar'/>
      <attribute name='size' type='Long' value='23096'/>
      <attribute name='mime' value='application/vnd.osgi.bundle'/>
    </capability>
    <capability namespace='osgi.wiring.bundle'>
      <attribute name='osgi.wiring.bundle' value='net.powermatcher.telemetry.messaging.protocol.adapter'/>
      <attribute name='bundle-version' type='Version' value='0.9.0'/>
    </capability>
    <capability namespace='osgi.wiring.host'>
      <attribute name='osgi.wiring.host' value='net.powermatcher.telemetry.messaging.protocol.adapter'/>
      <attribute name='bundle-version' type='Version' value='0.9.0'/>
    </capability>
    <capability namespace='osgi.wiring.package'>
      <attribute name='osgi.wiring.package' value='net.powermatcher.telemetry.messaging.protocol.adapter'/>
      <attribute name='version' type='Version' value='2.0.0'/>
      <attribute name='bundle-symbolic-name' value='net.powermatcher.telemetry.messaging.protocol.adapter'/>
      <attribute name='bundle-version' type='Version' value='0.9.0'/>
      <directive name='uses' value='net.powermatcher.core.messaging.framework,net.powermatcher.core.adapter.service,net.powermatcher.telemetry.model.data,net.powermatcher.telemetry.service,net.powermatcher.telemetry.messaging.protocol.adapter.constants,net.powermatcher.core.configurable.service'/>
    </capability>
    <capability namespace='osgi.wiring.package'>
      <attribute name='osgi.wiring.package' value='net.powermatcher.telemetry.messaging.protocol.adapter.config'/>
      <attribute name='version' type='Version' value='2.0.0'/>
      <attribute name='bundle-symbolic-name' value='net.powermatcher.telemetry.messaging.protocol.adapter'/>
      <attribute name='bundle-version' type='Version' value='0.9.0'/>
      <directive name='uses' value='net.powermatcher.core.messaging.framework.config'/>
    </capability>
    <capability namespace='osgi.wiring.package'>
      <attribute name='osgi.wiring.package' value='net.powermatcher.telemetry.messaging.protocol.adapter.constants'/>
      <attribute name='version' type='Version' value='2.0.0'/>
      <attribute name='bundle-symbolic-name' value='net.powermatcher.telemetry.messaging.protocol.adapter'/>
      <attribute name='bundle-version' type='Version' value='0.9.0'/>
      <directive name='uses' value='net.powermatcher.core.messaging.framework'/>
    </capability>
    <requirement namespace='osgi.wiring.package'>
      <directive name='filter' value='(&amp;(osgi.wiring.package=net.powermatcher.core.adapter.service)(version&gt;=2.0.0)(!(version&gt;=3.0.0)))'/>
    </requirement>
    <requirement namespace='osgi.wiring.package'>
      <directive name='filter' value='(&amp;(osgi.wiring.package=net.powermatcher.core.configurable.service)(version&gt;=2.0.0)(!(version&gt;=3.0.0)))'/>
    </requirement>
    <requirement namespace='osgi.wiring.package'>
      <directive name='filter' value='(&amp;(osgi.wiring.package=net.powermatcher.core.messaging.framework)(version&gt;=2.0.0)(!(version&gt;=3.0.0)))'/>
    </requirement>
    <requirement namespace='osgi.wiring.package'>
      <directive name='filter' value='(&amp;(osgi.wiring.package=net.powermatcher.core.messaging.framework.config)(version&gt;=2.0.0)(!(version&gt;=3.0.0)))'/>
    </requirement>
    <requirement namespace='osgi.wiring.package'>
      <directive name='filter' value='(&amp;(osgi.wiring.package=net.powermatcher.telemetry.config)(version&gt;=2.0.0)(!(version&gt;=3.0.0)))'/>
    </requirement>
    <requirement namespace='osgi.wiring.package'>
      <directive name='filter' value='(osgi.wiring.package=net.powermatcher.telemetry.model.converter)'/>
    </requirement>
    <requirement namespace='osgi.wiring.package'>
      <directive name='filter' value='(osgi.wiring.package=net.powermatcher.telemetry.model.data)'/>
    </requirement>
    <requirement namespace='osgi.wiring.package'>
      <directive name='filter' value='(&amp;(osgi.wiring.package=net.powermatcher.telemetry.service)(version&gt;=2.0.0)(!(version&gt;=3.0.0)))'/>
    </requirement>
  </resource>
</repository>