<?xml version="1.0" encoding="UTF-8"?>
<nodeconfig id="example-node" name="Example node"
	description="PowerMatcher example node" date="2012-08-29 16:02:06">

	<!--++++++++++++++++++++++++++-->
	<!-- Root Configuration Group -->
	<!--++++++++++++++++++++++++++-->

	<configuration type="group" id="root">

		<!-- Root Global Properties -->

		<property name="time.adapter.factory" value="timeAdapterFactory" type="String"></property>
		<property name="scheduler.adapter.factory" value="schedulerAdapterFactory" type="String"></property>

		<!-- Root Configuration Templates and Configurations -->

		<configuration type="factory" template="true" cluster="Root"
			pid="net.powermatcher.core.messaging.mqttv3.Mqttv3ConnectionFactory" id="mqttv3_connection_template">
			<property name="id" value="mqttv3ConnectionFactory" type="String"></property>
			<property name="reconnect.interval" value="10" type="Integer"></property>
			<property name="notification.enabled" value="false" type="Boolean"></property>
			<property name="broker.uri" value="tcp://localhost:1883"
				type="String"></property>
		</configuration>
		<configuration type="factory" template="true" cluster="Root"
			pid="net.powermatcher.core.scheduler.SchedulerAdapterFactory" id="scheduler_adapter_template">
			<property name="id" value="schedulerAdapterFactory" type="String"></property>
		</configuration>
		<configuration type="factory" template="true" cluster="Root"
			pid="net.powermatcher.core.scheduler.TimeAdapterFactory" id="time_adapter_template">
			<property name="id" value="timeAdapterFactory" type="String"></property>
		</configuration>
		<configuration type="singleton" template="false" cluster="Root"
			pid="org.apache.ace.scheduler" id="ACE_scheduler_template">
			<property name="auditlog" value="60000" type="String"></property>
			<property name="org.apache.ace.deployment.task.DeploymentUpdateTask"
				value="60000" type="String"></property>
			<property name="org.apache.ace.deployment.task.DeploymentCheckTask"
				value="60000" type="String"></property>
		</configuration>

		<!--+++++++++++++++++++++++++++++++++++++++++-->
		<!-- PowerMatcher Global Configuration Group -->
		<!--+++++++++++++++++++++++++++++++++++++++++-->

		<configuration type="group" cluster="PWM_Global" id="pwm_global">

			<!-- PowerMatcher Global Configuration Templates -->

			<configuration type="factory" template="true" cluster="PWM_Global"
				pid="net.powermatcher.core.agent.marketbasis.adapter.MarketBasisAdapterFactory"
				id="market_basis_adapter_template">
				<property name="id" value="marketBasisAdapterFactory" type="String"></property>
				<property name="price.steps" value="255" type="Integer"></property>
				<property name="commodity" value="electricity" type="String"></property>
				<property name="minimum.price" value="-127" type="Double"></property>
				<property name="currency" value="EUR" type="String"></property>
				<property name="significance" value="0" type="Integer"></property>
				<property name="market.ref" value="0" type="Integer"></property>
				<property name="maximum.price" value="127" type="Double"></property>
			</configuration>
			<configuration type="factory" template="true" cluster="PWM_Global"
				pid="net.powermatcher.core.direct.protocol.adapter.component.DirectProtocolAdapterFactory" id="direct_protocol_adapter_template">
					<property name="id" value="directProtocolAdapterFactory" type="String"></property>
			</configuration>
			<configuration type="factory" template="true" cluster="PWM_Global"
				pid="net.powermatcher.core.direct.protocol.adapter.component.DirectLoggingAdapterFactory" id="direct_logging_adapter_template">
					<property name="id" value="directLoggingAdapterFactory" type="String"></property>
			</configuration>
			<configuration type="factory" template="true" cluster="PWM_Global"
				pid="net.powermatcher.core.direct.protocol.adapter.component.DirectTelemetryAdapterFactory" id="direct_telemetry_adapter_template">
					<property name="id" value="directTelemetryAdapterFactory" type="String"></property>
			</configuration>
			<configuration type="factory" template="true" cluster="PWM_Global"
				pid="net.powermatcher.core.messaging.protocol.adapter.AgentProtocolAdapterFactory"
				id="agent_adapter_template">
				<property name="id" value="agentProtocolAdapterFactory" type="String"></property>
				<property name="messaging.adapter.factory" value="mqttv3ConnectionFactory" type="String"></property>
				<property name="price.info.topic.suffix" value="UpdatePriceInfo"
					type="String"></property>
				<property name="messaging.protocol" value="INTERNAL_v1"
					type="String"></property>
				<property name="bid.topic.suffix" value="UpdateBid" type="String"></property>
			</configuration>
			<configuration type="factory" template="true" cluster="PWM_Global"
				pid="net.powermatcher.core.messaging.protocol.adapter.MatcherProtocolAdapterFactory"
				id="matcher_adapter_template">
				<property name="id" value="matcherProtocolAdapterFactory" type="String"></property>
				<property name="messaging.adapter.factory" value="mqttv3ConnectionFactory" type="String"></property>
				<property name="messaging.protocol" value="INTERNAL_v1"
					type="String"></property>
				<property name="bid.topic.suffix" value="UpdateBid" type="String"></property>
				<property name="price.info.topic.suffix" value="UpdatePriceInfo"
					type="String"></property>
			</configuration>
			<configuration type="factory" template="true" cluster="PWM_Global"
				pid="net.powermatcher.core.messaging.protocol.adapter.LoggingAdapterFactory"
				id="logging_adapter_template">
				<property name="id" value="loggingAdapterFactory" type="String"></property>
				<property name="messaging.adapter.factory" value="mqttv3ConnectionFactory" type="String"></property>
				 <!-- The messaging logging adapter is configured to use a single shared mqttv3 client connection with id loggingAdapter -->
				<property name="connector.id" value="loggingAdapter" type="String"></property>
				<property name="bid.topic.suffix" value="UpdateBid" type="String"></property>
				<property name="price.info.topic.suffix" value="UpdatePriceInfo"
					type="String"></property>
				<property name="log.topic.suffix" value="Log" type="String"></property>
			</configuration>
			<configuration type="factory" template="true" cluster="PWM_Global"
				pid="net.powermatcher.core.messaging.protocol.adapter.LogListenerAdapterFactory"
				id="log_listener_adapter_template">
				<property name="id" value="logListenerAdapterFactory" type="String"></property>
				<property name="messaging.adapter.factory" value="mqttv3ConnectionFactory" type="String"></property>
				<property name="bid.topic.suffix" value="UpdateBid" type="String"></property>
				<property name="price.info.topic.suffix" value="UpdatePriceInfo"
					type="String"></property>
				<property name="log.topic.suffix" value="Log" type="String"></property>
			</configuration>
			<configuration type="factory" template="true" cluster="PWM_Global"
				pid="net.powermatcher.telemetry.messaging.protocol.adapter.TelemetryAdapterFactory"
				id="telemetry_adapter_template">
				<property name="id" value="telemetryAdapterFactory" type="String"></property>
				<property name="messaging.adapter.factory" value="mqttv3ConnectionFactory" type="String"></property>
				 <!-- The messaging telemetry adapter is configured to use a single shared mqttv3 client connection with id loggingAdapter -->
				<property name="connector.id" value="telemetryAdapter" type="String"></property>
			</configuration>
			<configuration type="factory" template="true" cluster="PWM_Global"
				pid="net.powermatcher.telemetry.messaging.protocol.adapter.TelemetryListenerAdapterFactory"
				id="telemetry_listener_adapter_template">
				<property name="id" value="telemetryListenerAdapterFactory" type="String"></property>
				<property name="messaging.adapter.factory" value="mqttv3ConnectionFactory" type="String"></property>
			</configuration>
			<configuration type="factory" template="true" cluster="PWM_Global"
				pid="net.powermatcher.core.agent.logging.CSVLoggingAgent" id="csvlogging_agent_template">
				<!--property name="log.listener.adapter.factory" value="logListenerAdapterFactory"></property-->
				<property name="id" value="csvlogging" type="String"></property>
				<property name="enabled" value="true" type="Boolean"></property>
				<property name="powermatcher.bid.logging.pattern" value="'pwm_bid_log_'yyyyMMdd'.csv'" type="String"></property>
				<property name="powermatcher.price.logging.pattern" value="'pwm_price_log_'yyyyMMdd'.csv'" type="String"></property>
				<property name="date.format" value="yyyy-MM-dd HH:mm:ss"
					type="String"></property>
				<property name="list.separator" value=";" type="String"></property>
				<property name="bid.expiration.time" value="300" type="Integer"></property>
				<property name="update.interval" value="30" type="Integer"></property>
			</configuration>
			<configuration type="factory" template="true" cluster="PWM_Global"
				pid="net.powermatcher.agent.telemetry.logging.TelemetryCSVLoggingAgent" id="telemetrycsvlogging_agent_template">
				<property name="id" value="telemetrycsvlogging" type="String"></property>
				<!--property name="telemetry.listener.adapter.factory" value="telemetryListenerAdapterFactory"></property-->
				<property name="enabled" value="true" type="Boolean"></property>
				<property name="date.format" value="yyyy-MM-dd HH:mm:ss"
					type="String"></property>
				<property name="list.separator" value=";" type="String"></property>
				<property name="status.logging.pattern" value="'status_log_'yyyyMMdd'.csv'"
					type="String"></property>
				<property name="measurement.logging.pattern" value="'measurement_log_'yyyyMMdd'.csv'"
					type="String"></property>
				<property name="update.interval" value="30" type="Integer"></property>
			</configuration>
			<configuration type="factory" template="true" cluster="PWM_Global"
				pid="net.powermatcher.core.agent.auctioneer.Auctioneer" id="auctioneer_template">
				<property name="id" value="auctioneer" type="String"></property>
				<property name="agent.adapter.factory" value="marketBasisAdapterFactory"></property>
				<!--property name="matcher.adapter.factory" value="matcherProtocolAdapterFactory"></property-->
				<property name="logging.adapter.factory" value="directLoggingAdapterFactory"></property>
				<property name="log.listener.id" value="csvlogging" type="String"></property>
				<property name="update.interval" value="30" type="Integer"></property>
				<property name="enabled" value="true" type="Boolean"></property>
				<property name="bid.expiration.time" value="300" type="Integer"></property>
				<property name="matcher.aggregated.bid.log.level" value="FULL_LOGGING"
					type="String"></property>
			</configuration>
			<configuration type="factory" template="true" cluster="PWM_Global"
				pid="net.powermatcher.core.agent.concentrator.Concentrator" id="concentrator_template">
				<property name="id" value="concentrator" type="String"></property>
				<property name="agent.adapter.factory" value="directProtocolAdapterFactory,directProtocolAdapterFactory" type="String"></property>
				<property name="logging.adapter.factory" value="directLoggingAdapterFactory" type="String"></property>
				<property name="matcher.id" value="auctioneer,objectiveagent" type="String"></property>
				<property name="log.listener.id" value="csvlogging" type="String"></property>
			</configuration>
			<configuration type="factory" template="true" cluster="PWM_Global"
				pid="net.powermatcher.core.agent.objective.ObjectiveAgent"
				id="objective_agent_template">
				<property name="id" value="objectiveagent" type="String"></property>
				<property name="agent.adapter.factory" value="directProtocolAdapterFactory" type="String"></property>
				<property name="logging.adapter.factory" value="directLoggingAdapterFactory" type="String"></property>
				<property name="matcher.id" value="auctioneer" type="String"></property>
				<property name="log.listener.id" value="csvlogging" type="String"></property>
				<property name="objective.bid" value="(64,0);(64,-1000.0)"
					type="String"></property>
				<property name="update.interval" value="30" type="Integer"></property>
				<property name="enabled" value="true" type="Boolean"></property>
				<property name="bid.expiration.time" value="300" type="Integer"></property>
			</configuration>
			<configuration type="factory" template="true" cluster="PWM_Global"
				pid="net.powermatcher.core.agent.framework.test.TestAgent"
				id="testagent_template">
				<property name="id" value="dummy_id" type="String"></property>
				<property name="agent.adapter.factory" value="directProtocolAdapterFactory"></property>
				<property name="logging.adapter.factory" value="directLoggingAdapterFactory"></property>
				<property name="log.listener.id" value="csvlogging" type="String"></property>
				<property name="update.interval" value="30" type="Integer"></property>
				<property name="maximum.price" value="120" type="Integer"></property>
				<property name="enabled" value="true" type="Boolean"></property>
				<property name="steps" value="12" type="Integer"></property>
				<property name="maximum.power" value="100" type="Double"></property>
				<property name="minimum.power" value="0" type="Double"></property>
				<property name="minimum.price" value="0" type="Integer"></property>
			</configuration>


			<!--++++++++++++++++++++++++++++++++++++-->
			<!-- ExampleCluster Configuration Group -->
			<!--++++++++++++++++++++++++++++++++++++-->

			<configuration type="group" cluster="ExampleCluster"
				id="example_global">

				<!-- ExampleCluster Properties -->

				<property name="cluster.id" value="ExampleCluster" type="String"></property>

				<!-- ExampleCluster Templates -->

				<configuration type="factory" template="true" cluster="ExampleCluster"
					pid="net.powermatcher.core.agent.example.ExampleAgent1" id="example_agent_1_template">
					<property name="id" value="dummy_id" type="String"></property>
					<property name="agent.adapter.factory" value="directProtocolAdapterFactory" type="String"></property>
					<property name="logging.adapter.factory" value="directLoggingAdapterFactory" type="String"></property>
					<property name="matcher.id" value="concentrator" type="String"></property>
					<property name="log.listener.id" value="csvlogging" type="String"></property>
				</configuration>
				<configuration type="factory" template="true" cluster="ExampleCluster"
					pid="net.powermatcher.core.agent.example.ExampleAgent2" id="example_agent_2_template">
					<property name="id" value="dummy_id" type="String"></property>
					<property name="agent.adapter.factory" value="directProtocolAdapterFactory" type="String"></property>
					<property name="logging.adapter.factory" value="directLoggingAdapterFactory" type="String"></property>
					<property name="example.adapter.factory" value="exampleAdapterFactory" type="String"></property>
					<property name="matcher.id" value="concentrator" type="String"></property>
					<property name="log.listener.id" value="csvlogging" type="String"></property>
				</configuration>
				<configuration type="factory" template="true" cluster="ExampleCluster"
					pid="net.powermatcher.agent.template.ExampleAgent3" id="example_agent_3_template">
					<property name="id" value="dummy_id" type="String"></property>
					<property name="agent.adapter.factory" value="directProtocolAdapterFactory" type="String"></property>
					<property name="logging.adapter.factory" value="loggingAdapterFactory" type="String"></property>
					<property name="telemetry.adapter.factory" value="directTelemetryAdapterFactory" type="String"></property>
					<property name="matcher.id" value="concentrator" type="String"></property>
					<property name="log.listener.id" value="csvlogging" type="String"></property>
					<property name="telemetry.listener.id" value="telemetrycsvlogging" type="String"></property>
				</configuration>
				<configuration type="factory" template="true" cluster="ExampleCluster"
					pid="net.powermatcher.core.messaging.adapter.template.ExampleAdapterFactory"
					id="example_adapter_template">
					<property name="id" value="exampleAdapterFactory" type="String"></property>
					<property name="messaging.adapter.factory" value="mqttv3ConnectionFactory" type="String"></property>
				</configuration>

				<!-- ExampleCluster Adapter Factories -->

				<configuration type="factory" template="false" cluster="ExampleCluster"
					pid="net.powermatcher.core.scheduler.SchedulerAdapterFactory" id="schedulerAdapterFactory">
				</configuration>
				<configuration type="factory" template="false" cluster="ExampleCluster"
					pid="net.powermatcher.core.scheduler.TimeAdapterFactory" id="timeAdapterFactory">
				</configuration>
				<configuration type="factory" template="false" cluster="ExampleCluster"
					pid="net.powermatcher.core.messaging.mqttv3.Mqttv3ConnectionFactory" id="mqttv3ConnectionFactory">
				</configuration>
				<configuration type="factory" template="false" cluster="ExampleCluster"
					pid="net.powermatcher.core.agent.marketbasis.adapter.MarketBasisAdapterFactory"
					id="marketBasisAdapterFactory">
					<property name="market.ref" value="0" type="Integer"></property>
					<property name="maximum.price" value="0.99" type="Double"></property>
					<property name="minimum.price" value="0" type="Double"></property>
					<property name="price.steps" value="100" type="Integer"></property>
					<property name="significance" value="2" type="Integer"></property>
				</configuration>
				<configuration type="factory" template="false" cluster="ExampleCluster"
					pid="net.powermatcher.core.direct.protocol.adapter.component.DirectProtocolAdapterFactory" id="directProtocolAdapterFactory">
				</configuration>
				<configuration type="factory" template="false" cluster="ExampleCluster"
					pid="net.powermatcher.core.direct.protocol.adapter.component.DirectLoggingAdapterFactory" id="directLoggingAdapterFactory">
				</configuration>
				<configuration type="factory" template="false" cluster="ExampleCluster"
					pid="net.powermatcher.core.direct.protocol.adapter.component.DirectTelemetryAdapterFactory" id="directTelemetryAdapterFactory">
				</configuration>
				<configuration type="factory" template="false" cluster="ExampleCluster"
					pid="net.powermatcher.core.messaging.protocol.adapter.AgentProtocolAdapterFactory"
					id="agentProtocolAdapterFactory">
				</configuration>
				<configuration type="factory" template="false" cluster="ExampleCluster"
					pid="net.powermatcher.core.messaging.protocol.adapter.MatcherProtocolAdapterFactory"
					id="matcherProtocolAdapterFactory">
				</configuration>
				<configuration type="factory" template="false" cluster="ExampleCluster"
					pid="net.powermatcher.core.messaging.protocol.adapter.LoggingAdapterFactory"
					id="loggingAdapterFactory">
				</configuration>
				<configuration type="factory" template="false" cluster="ExampleCluster"
					pid="net.powermatcher.core.messaging.protocol.adapter.LogListenerAdapterFactory"
					id="logListenerAdapterFactory">
				</configuration>
				<configuration type="factory" template="false" cluster="ExampleCluster"
					pid="net.powermatcher.telemetry.messaging.protocol.adapter.TelemetryAdapterFactory"
					id="telemetryAdapterFactory">
				</configuration>
				<configuration type="factory" template="false" cluster="ExampleCluster"
					pid="net.powermatcher.telemetry.messaging.protocol.adapter.TelemetryListenerAdapterFactory"
					id="telemetryListenerAdapterFactory">
				</configuration>
				<configuration type="factory" template="false" cluster="ExampleCluster"
					pid="net.powermatcher.core.messaging.adapter.template.ExampleAdapterFactory"
					id="exampleAdapterFactory">
				</configuration>

				<!-- ExampleCluster Common Agents Group -->

				<configuration type="group" cluster="ExampleCluster"
					id="example_common">
					<configuration type="factory" cluster="ExampleCluster"
						pid="net.powermatcher.core.agent.auctioneer.Auctioneer"
						id="auctioneer">
					</configuration>
					<configuration type="factory" cluster="ExampleCluster"
						pid="net.powermatcher.core.agent.logging.CSVLoggingAgent"
						id="csvlogging">
					</configuration>
					<configuration type="factory" cluster="ExampleCluster"
						pid="net.powermatcher.agent.telemetry.logging.TelemetryCSVLoggingAgent"
						id="telemetrycsvlogging">
						</configuration>
					<configuration type="factory" cluster="ExampleCluster"
						pid="net.powermatcher.core.agent.concentrator.Concentrator" id="concentrator">
					</configuration>
					<configuration type="factory" cluster="ExampleCluster"
						pid="net.powermatcher.core.agent.objective.ObjectiveAgent"
						id="objectiveagent">
						<property name="objective.bid" value="(0,-50.0)" type="String"></property>
					</configuration>
				</configuration>

				<!-- ExampleCluster Core Example Agents Group -->

				<configuration type="group" cluster="ExampleCluster"
					id="core_example_agents">
					<configuration type="factory" cluster="ExampleCluster"
						pid="net.powermatcher.core.agent.example.ExampleAgent1" id="exampleagent1">
						<property name="id" value="exampleagent1" type="String"></property>
						<property name="bid.power" value="100" type="Double"></property>
						<property name="bid.price" value="0.50" type="Double"></property>
					</configuration>
					<configuration type="factory" cluster="ExampleCluster"
						pid="net.powermatcher.core.agent.example.ExampleAgent2" id="exampleagent2">
						<property name="id" value="exampleagent2" type="String"></property>
						<property name="bid.price" value="0.50" type="Double"></property>
						<property name="bid.power" value="100" type="Double"></property>
						<property name="example.setting" value="Example!" type="String"></property>
					</configuration>

				</configuration>


				<!-- ExampleCluster Extension Example Agents Group -->

				<configuration type="group" cluster="ExampleCluster"
					id="extensions_example_agents">
					<configuration type="factory" cluster="ExampleCluster"
						pid="net.powermatcher.agent.template.ExampleAgent3" id="exampleagent3">
						<property name="id" value="exampleagent3" type="String"></property>
						<property name="bid.power" value="100" type="Double"></property>
						<property name="bid.price" value="0.50" type="Double"></property>
					</configuration>
				</configuration>

			</configuration>

		</configuration>

	</configuration>

</nodeconfig>