logTime;clusterId;id;qualifier;commodity;currency;minimumPrice;maximumPrice;minimumDemand;maximumDemand;effectiveDemand;effectivePrice;lastUpdateTime;bidInfo
2013-02-13 16:28:35;ExampleCluster;auctioneer1;matcher;electricity;EUR;0;0.99;0E0;0E0;0E0;0;2013-02-13 16:28:25;"BidInfo{bidNumber=0, demand[]{0E0,0E0,0E0,0E0,0E0,0E0,0E0,0E0,0E0,0E0,0E0,0E0,0E0,0E0,0E0,0E0,0E0,0E0,0E0,0E0,0E0,0E0,0E0,0E0,0E0,0E0,0E0,0E0,0E0,0E0,0E0,0E0,0E0,0E0,0E0,0E0,0E0,0E0,0E0,0E0,0E0,0E0,0E0,0E0,0E0,0E0,0E0,0E0,0E0,0E0,0E0,0E0,0E0,0E0,0E0,0E0,0E0,0E0,0E0,0E0,0E0,0E0,0E0,0E0,0E0,0E0,0E0,0E0,0E0,0E0,0E0,0E0,0E0,0E0,0E0,0E0,0E0,0E0,0E0,0E0,0E0,0E0,0E0,0E0,0E0,0E0,0E0,0E0,0E0,0E0,0E0,0E0,0E0,0E0,0E0,0E0,0E0,0E0,0E0,0E0}, MarketBasis{commodity=electricity, currency=EUR, minimumPrice=0, maximumPrice=0.99, priceSteps=100, significance=2, marketRef=0}}"
2013-02-13 16:28:35;ExampleCluster;objectiveagent1;agent;electricity;EUR;0;0.99;-5E1;-5E1;-5E1;0;2013-02-13 16:28:34;"BidInfo{bidNumber=0, PricePoint[]{(0,-5E1)}, MarketBasis{commodity=electricity, currency=EUR, minimumPrice=0, maximumPrice=0.99, priceSteps=100, significance=2, marketRef=0}}"
2013-02-13 16:28:35;ExampleCluster;exampleagent1;agent;electricity;EUR;0;0.99;0E0;1E2;1E2;0;2013-02-13 16:28:35;"BidInfo{bidNumber=1, PricePoint[]{(0.5,1E2),(0.5,0E0)}, MarketBasis{commodity=electricity, currency=EUR, minimumPrice=0, maximumPrice=0.99, priceSteps=100, significance=2, marketRef=0}}"
2013-02-13 16:28:35;ExampleCluster;exampleagent2;agent;electricity;EUR;0;0.99;0E0;1E2;1E2;0;2013-02-13 16:28:25;"BidInfo{bidNumber=0, PricePoint[]{(0.5,1E2),(0.5,0E0)}, MarketBasis{commodity=electricity, currency=EUR, minimumPrice=0, maximumPrice=0.99, priceSteps=100, significance=2, marketRef=0}}"
