logTime;clusterId;id;qualifier;commodity;currency;minimumPrice;maximumPrice;minimumDemand;maximumDemand;effectiveDemand;effectivePrice;lastUpdateTime;bidInfo
2013-02-13 10:32:32;ExampleCluster;exampleagent1;agent;electricity;EUR;0;0.99;0E0;1E2;1E2;0;2013-02-13 10:32:02;"BidInfo{bidNumber=0, PricePoint[]{(0.5,1E2),(0.5,0E0)}, MarketBasis{commodity=electricity, currency=EUR, minimumPrice=0, maximumPrice=0.99, priceSteps=100, significance=2, marketRef=0}}"
2013-02-13 10:32:32;ExampleCluster;objectiveagent;agent;electricity;EUR;0;0.99;-5E1;-5E1;-5E1;0;2013-02-13 10:32:32;"BidInfo{bidNumber=0, PricePoint[]{(0,-5E1)}, MarketBasis{commodity=electricity, currency=EUR, minimumPrice=0, maximumPrice=0.99, priceSteps=100, significance=2, marketRef=0}}"
2013-02-13 10:32:32;ExampleCluster;concentrator;agent;electricity;EUR;0;0.99;0E0;1E2;1E2;0;2013-02-13 10:32:32;"BidInfo{bidNumber=1, demand[]{1E2,1E2,1E2,1E2,1E2,1E2,1E2,1E2,1E2,1E2,1E2,1E2,1E2,1E2,1E2,1E2,1E2,1E2,1E2,1E2,1E2,1E2,1E2,1E2,1E2,1E2,1E2,1E2,1E2,1E2,1E2,1E2,1E2,1E2,1E2,1E2,1E2,1E2,1E2,1E2,1E2,1E2,1E2,1E2,1E2,1E2,1E2,1E2,1E2,1E2,0E0,0E0,0E0,0E0,0E0,0E0,0E0,0E0,0E0,0E0,0E0,0E0,0E0,0E0,0E0,0E0,0E0,0E0,0E0,0E0,0E0,0E0,0E0,0E0,0E0,0E0,0E0,0E0,0E0,0E0,0E0,0E0,0E0,0E0,0E0,0E0,0E0,0E0,0E0,0E0,0E0,0E0,0E0,0E0,0E0,0E0,0E0,0E0,0E0,0E0}, MarketBasis{commodity=electricity, currency=EUR, minimumPrice=0, maximumPrice=0.99, priceSteps=100, significance=2, marketRef=0}}"
2013-02-13 10:39:59;ExampleCluster;exampleagent1;agent;electricity;EUR;0;0.99;0E0;1E2;1E2;0;2013-02-13 10:39:59;"BidInfo{bidNumber=0, PricePoint[]{(0.5,1E2),(0.5,0E0)}, MarketBasis{commodity=electricity, currency=EUR, minimumPrice=0, maximumPrice=0.99, priceSteps=100, significance=2, marketRef=0}}"
2013-02-13 10:39:59;ExampleCluster;exampleagent2;agent;electricity;EUR;0;0.99;0E0;1E2;1E2;0;2013-02-13 10:39:59;"BidInfo{bidNumber=0, PricePoint[]{(0.5,1E2),(0.5,0E0)}, MarketBasis{commodity=electricity, currency=EUR, minimumPrice=0, maximumPrice=0.99, priceSteps=100, significance=2, marketRef=0}}"
2013-02-13 10:39:59;ExampleCluster;exampleagent3;agent;electricity;EUR;0;0.99;0E0;1E2;1E2;0;2013-02-13 10:39:59;"BidInfo{bidNumber=0, PricePoint[]{(0.5,1E2),(0.5,0E0)}, MarketBasis{commodity=electricity, currency=EUR, minimumPrice=0, maximumPrice=0.99, priceSteps=100, significance=2, marketRef=0}}"
2013-02-13 10:39:59;ExampleCluster;objectiveagent;agent;electricity;EUR;0;0.99;-5E1;-5E1;-5E1;0;2013-02-13 10:39:59;"BidInfo{bidNumber=0, PricePoint[]{(0,-5E1)}, MarketBasis{commodity=electricity, currency=EUR, minimumPrice=0, maximumPrice=0.99, priceSteps=100, significance=2, marketRef=0}}"
2013-02-13 10:39:59;ExampleCluster;concentrator;agent;electricity;EUR;0;0.99;0E0;1E2;1E2;0;2013-02-13 10:39:59;"BidInfo{bidNumber=1, demand[]{1E2,1E2,1E2,1E2,1E2,1E2,1E2,1E2,1E2,1E2,1E2,1E2,1E2,1E2,1E2,1E2,1E2,1E2,1E2,1E2,1E2,1E2,1E2,1E2,1E2,1E2,1E2,1E2,1E2,1E2,1E2,1E2,1E2,1E2,1E2,1E2,1E2,1E2,1E2,1E2,1E2,1E2,1E2,1E2,1E2,1E2,1E2,1E2,1E2,1E2,0E0,0E0,0E0,0E0,0E0,0E0,0E0,0E0,0E0,0E0,0E0,0E0,0E0,0E0,0E0,0E0,0E0,0E0,0E0,0E0,0E0,0E0,0E0,0E0,0E0,0E0,0E0,0E0,0E0,0E0,0E0,0E0,0E0,0E0,0E0,0E0,0E0,0E0,0E0,0E0,0E0,0E0,0E0,0E0,0E0,0E0,0E0,0E0,0E0,0E0}, MarketBasis{commodity=electricity, currency=EUR, minimumPrice=0, maximumPrice=0.99, priceSteps=100, significance=2, marketRef=0}}"
2013-02-13 10:39:59;ExampleCluster;auctioneer;matcher;electricity;EUR;0;0.99;-5E1;5E1;-5E1;0.5;2013-02-13 10:39:59;"BidInfo{bidNumber=0, demand[]{5E1,5E1,5E1,5E1,5E1,5E1,5E1,5E1,5E1,5E1,5E1,5E1,5E1,5E1,5E1,5E1,5E1,5E1,5E1,5E1,5E1,5E1,5E1,5E1,5E1,5E1,5E1,5E1,5E1,5E1,5E1,5E1,5E1,5E1,5E1,5E1,5E1,5E1,5E1,5E1,5E1,5E1,5E1,5E1,5E1,5E1,5E1,5E1,5E1,5E1,-5E1,-5E1,-5E1,-5E1,-5E1,-5E1,-5E1,-5E1,-5E1,-5E1,-5E1,-5E1,-5E1,-5E1,-5E1,-5E1,-5E1,-5E1,-5E1,-5E1,-5E1,-5E1,-5E1,-5E1,-5E1,-5E1,-5E1,-5E1,-5E1,-5E1,-5E1,-5E1,-5E1,-5E1,-5E1,-5E1,-5E1,-5E1,-5E1,-5E1,-5E1,-5E1,-5E1,-5E1,-5E1,-5E1,-5E1,-5E1,-5E1,-5E1}, MarketBasis{commodity=electricity, currency=EUR, minimumPrice=0, maximumPrice=0.99, priceSteps=100, significance=2, marketRef=0}}"
2013-02-13 10:40:29;ExampleCluster;exampleagent1;agent;electricity;EUR;0;0.99;0E0;1E2;0E0;0.5;2013-02-13 10:40:29;"BidInfo{bidNumber=1, PricePoint[]{(0.5,1E2),(0.5,0E0)}, MarketBasis{commodity=electricity, currency=EUR, minimumPrice=0, maximumPrice=0.99, priceSteps=100, significance=2, marketRef=0}}"
2013-02-13 10:40:29;ExampleCluster;exampleagent2;agent;electricity;EUR;0;0.99;0E0;1E2;0E0;0.5;2013-02-13 10:40:29;"BidInfo{bidNumber=1, PricePoint[]{(0.5,1E2),(0.5,0E0)}, MarketBasis{commodity=electricity, currency=EUR, minimumPrice=0, maximumPrice=0.99, priceSteps=100, significance=2, marketRef=0}}"
2013-02-13 10:40:29;ExampleCluster;exampleagent3;agent;electricity;EUR;0;0.99;0E0;1E2;0E0;0.5;2013-02-13 10:40:29;"BidInfo{bidNumber=1, PricePoint[]{(0.5,1E2),(0.5,0E0)}, MarketBasis{commodity=electricity, currency=EUR, minimumPrice=0, maximumPrice=0.99, priceSteps=100, significance=2, marketRef=0}}"
2013-02-13 10:40:29;ExampleCluster;objectiveagent;agent;electricity;EUR;0;0.99;-5E1;-5E1;-5E1;0;2013-02-13 10:40:29;"BidInfo{bidNumber=0, PricePoint[]{(0,-5E1)}, MarketBasis{commodity=electricity, currency=EUR, minimumPrice=0, maximumPrice=0.99, priceSteps=100, significance=2, marketRef=0}}"
2013-02-13 10:40:29;ExampleCluster;concentrator;agent;electricity;EUR;0;0.99;0E0;3E2;0E0;0.5;2013-02-13 10:40:29;"BidInfo{bidNumber=2, demand[]{3E2,3E2,3E2,3E2,3E2,3E2,3E2,3E2,3E2,3E2,3E2,3E2,3E2,3E2,3E2,3E2,3E2,3E2,3E2,3E2,3E2,3E2,3E2,3E2,3E2,3E2,3E2,3E2,3E2,3E2,3E2,3E2,3E2,3E2,3E2,3E2,3E2,3E2,3E2,3E2,3E2,3E2,3E2,3E2,3E2,3E2,3E2,3E2,3E2,3E2,0E0,0E0,0E0,0E0,0E0,0E0,0E0,0E0,0E0,0E0,0E0,0E0,0E0,0E0,0E0,0E0,0E0,0E0,0E0,0E0,0E0,0E0,0E0,0E0,0E0,0E0,0E0,0E0,0E0,0E0,0E0,0E0,0E0,0E0,0E0,0E0,0E0,0E0,0E0,0E0,0E0,0E0,0E0,0E0,0E0,0E0,0E0,0E0,0E0,0E0}, MarketBasis{commodity=electricity, currency=EUR, minimumPrice=0, maximumPrice=0.99, priceSteps=100, significance=2, marketRef=0}}"
2013-02-13 10:40:29;ExampleCluster;auctioneer;matcher;electricity;EUR;0;0.99;-5E1;2.5E2;-5E1;0.5;2013-02-13 10:40:29;"BidInfo{bidNumber=0, demand[]{2.5E2,2.5E2,2.5E2,2.5E2,2.5E2,2.5E2,2.5E2,2.5E2,2.5E2,2.5E2,2.5E2,2.5E2,2.5E2,2.5E2,2.5E2,2.5E2,2.5E2,2.5E2,2.5E2,2.5E2,2.5E2,2.5E2,2.5E2,2.5E2,2.5E2,2.5E2,2.5E2,2.5E2,2.5E2,2.5E2,2.5E2,2.5E2,2.5E2,2.5E2,2.5E2,2.5E2,2.5E2,2.5E2,2.5E2,2.5E2,2.5E2,2.5E2,2.5E2,2.5E2,2.5E2,2.5E2,2.5E2,2.5E2,2.5E2,2.5E2,-5E1,-5E1,-5E1,-5E1,-5E1,-5E1,-5E1,-5E1,-5E1,-5E1,-5E1,-5E1,-5E1,-5E1,-5E1,-5E1,-5E1,-5E1,-5E1,-5E1,-5E1,-5E1,-5E1,-5E1,-5E1,-5E1,-5E1,-5E1,-5E1,-5E1,-5E1,-5E1,-5E1,-5E1,-5E1,-5E1,-5E1,-5E1,-5E1,-5E1,-5E1,-5E1,-5E1,-5E1,-5E1,-5E1,-5E1,-5E1,-5E1,-5E1}, MarketBasis{commodity=electricity, currency=EUR, minimumPrice=0, maximumPrice=0.99, priceSteps=100, significance=2, marketRef=0}}"
