logTime;clusterId;id;qualifier;commodity;currency;minimumPrice;maximumPrice;currentPrice;lastUpdateTime
2013-02-13 10:32:32;ExampleCluster;concentrator;matcher;electricity;EUR;0;0.99;0.5;2013-02-13 10:32:32
2013-02-13 10:32:32;ExampleCluster;auctioneer;matcher;electricity;EUR;0;0.99;0.5;2013-02-13 10:32:32
2013-02-13 10:39:59;ExampleCluster;concentrator;matcher;electricity;EUR;0;0.99;0.5;2013-02-13 10:39:59
2013-02-13 10:39:59;ExampleCluster;auctioneer;matcher;electricity;EUR;0;0.99;0.5;2013-02-13 10:39:59
2013-02-13 10:40:29;ExampleCluster;concentrator;matcher;electricity;EUR;0;0.99;0.5;2013-02-13 10:40:29
2013-02-13 10:40:29;ExampleCluster;auctioneer;matcher;electricity;EUR;0;0.99;0.5;2013-02-13 10:40:29
